filename,command
hwSWcp0Dsx,eight
m1z7hUC07R,one
fkPcJSXlWh,four
UYgGsXtnsq,three
icti3DbiiF,seven
iqGGzwOZRk,nine
ujEVi7SPoJ,three
0n6K9Sx4fl,four
p6kR8jWriU,five
CJjNJEpPGy,seven
ro16Bj2EjH,zero
xnp8DwJMyM,nine
3wOmB8oG0u,zero
vNNcWsFue6,one
R9Q8o1klt5,seven
0G2bklX8oT,nine
lAx5G7Wgsm,two
Tfdcz206C0,eight
huBPJsoa8M,one
QBfd4es1mM,three
c8cGalIBwZ,four
P9aReGycDI,two
75yhBxHukl,eight
ABidREKS4r,seven
J9PT0PFaC1,three
CLxPSdHcgs,two
TDKOtHHZc3,two
FHaEzyySlu,six
X9eGrfvsIa,eight
wMcRDnPGfe,six
eIs8znL6Nm,three
BsO5lUxglk,one
hjOTRSqH55,eight
EVm2caX7Gi,nine
Wfrcv276E2,six
8PcmT9BAPt,eight
c4hx0TCWfx,nine
QkAoSI9Vyt,four
Lj5v0oDuOw,zero
mbI2rZ6KdR,four
ICjsKmpyW1,one
AUUg2tYeU3,one
hhxLpVOfhQ,eight
xDIJ7DB4ZB,seven
daSdeApgGx,zero
Y2Z6zBAJzq,five
GHPrdTOxbR,nine
GXbmrLqrGJ,three
FQjzJDy9rY,one
V58JKHrGUu,five
GZsuUI2U1Y,four
SKv5apule6,eight
L3MUxMKcna,three
ILWnUrTjv1,four
6kdbf9CdFF,five
zFx4Re4ovw,two
ZkaP2A9X4d,zero
rpfojYT1Ap,nine
TF1WWDisxi,one
GBGLUSsZjw,eight
EeiYRDncPm,one
HOHeq1dPW6,six
mn8jvW8Zrh,six
NPMj4vBBRd,three
Bam8Gr7Icg,nine
gnMRg5gYqA,one
ZUI5YYSSJd,eight
OGMbxLnZC6,six
psQsFdrSF7,eight
csugVpDC0a,two
gW1TVF2k1X,six
jrPYJSAFHH,five
JH3V9psxdo,zero
KDanikbYFN,five
mr3XFnIEIJ,six
uTvYzRm7PN,eight
8ok7WHHv0P,five
gbjupLV9si,seven
6D9BUC2hOd,four
5ihf8Rf6vx,zero
kHRGBBtI2W,four
voPm3Z2P9e,four
HHvenfAc1e,eight
wz7OiQJKoM,three
kIO6NeEBOA,zero
qzMQ4tRJnz,seven
uVqGmBo9DC,eight
jg8yvWvGGR,three
D4PFdUbdqV,one
OnQfSitVZ2,nine
8lkS5DAMLa,seven
KYHfiAXmqa,three
TXA9SHMJiT,five
lsCYJHOm95,four
ttlk02YOo5,five
D2yyKXAKCG,zero
ffcXaklVhp,zero
chlBkqIS6Z,five
41M3K7nx9i,three
TVjxpKbgYE,seven
hnJ12kwSmx,five
HGhqFzJPgw,three
1DBXxCV7AA,nine
3IxNJOcBea,one
j7ZDkRvV7R,seven
uEaNLnFJE6,six
pIfYAd5O7c,six
lzOYhuqwyX,two
QSgVsXQAH1,zero
myVLnw7Wuu,zero
PzzFZYLmcI,five
auAzlKguhc,seven
gO96HxE2fI,nine
7tmApeCuf9,eight
k5iNoBh768,eight
TP7LiStDSr,zero
rsxgcPWtIP,six
o3Us1v5jDi,two
eKJgwknzCB,one
dsa3zLphQx,six
R1pkDzQlhv,nine
yGFpaQUbuU,three
Z8MSdpnjUQ,zero
VS4GpaRKxy,one
wwQWpZdMKm,four
3BF01aNjsV,five
nGqaQCC17h,four
EwRHOHRtBX,nine
3y4u45Z9lf,one
UO71RXy73g,eight
f5u1WpgWKA,seven
NR3Vwsc4GY,nine
onKMUwE3e7,three
oEiPx1MHDp,one
epkBS2ydXf,eight
vVFZE73MZl,seven
I34qBM6GlE,four
RgcV6FcDfQ,one
bxYoEbPwHs,seven
OQVAImngH6,three
KtY7TYrC2h,eight
371DBhiMP2,six
FfOpC6EOwQ,six
yTdsvnuDRQ,six
YCWfDNSQ3J,nine
xK4xkLumLQ,eight
aYTtPoWbAD,three
dtIyDBvwgm,five
kpeDqgflIP,four
psU3mlYrCk,zero
FJXM1ZaRFJ,five
5AUijGtska,two
12dAv6IJBt,three
eBK8vB9XSu,five
8i6QWyNqbh,nine
KWq7PEmTBV,seven
09sGnK9YKd,six
NXcBPt5Bxj,six
G18vuYJybw,zero
JWLkFiAeLz,three
16cPnaPsj8,four
FO2rgGra6J,zero
tlVxf4uNIY,four
a46JshEPck,nine
cii10zTgm8,two
HurF2I0gaM,five
md2uEIXP59,eight
Y74LOMRz0q,seven
uRIQ6ULFvy,seven
ukSd0iKIEs,eight
WhIOrYf4YN,five
MXxkF8jWHX,zero
5UzxckKTKq,four
KNhcFymDvW,six
tHq8MXZJ5c,zero
Oguraa5DdN,one
yhayMmixp2,eight
ZLzaNTS7Dd,one
anGcPe36h5,zero
wIgJtVJvYM,seven
ADyPkBmQpc,eight
aFYwaV27r5,six
la2fNEQBnu,seven
7oakimVQas,nine
poXUj8aN71,three
zHOGkbGQkh,one
6ZFIrw1Jbq,two
309QUDpu3N,one
nH4Gx76d4Y,three
3gsrnKMMvD,seven
kLNlFOLlwe,one
QDwkxb3tG1,nine
5tHiLTQPpM,one
tLYnHRbaec,seven
lqoavwWZSm,zero
DPx4JNPVZ6,eight
M4rHHDwRdx,seven
qDHueVXoE1,six
DeY5nZbuwV,four
oBSa0kuA86,four
oxW2PSopRE,three
B0ddvm7r6M,seven
xtzkW2CNqB,six
Agz8JeJl7E,zero
9krEbFgJHI,three
R3ESL8CHSo,zero
VgZG3SJk4o,five
RiZ3zCOC35,zero
mNDaTpeEw9,eight
gTroY4eanh,zero
s03btMcBUO,zero
qpABFD7me2,one
OZVIe6Bmrd,seven
36jwdEM1VD,six
VPNyWdfMJN,six
BLq82JK9Eq,one
c6V4Ho79cK,three
sSbofEOj94,six
97nBQ8ahkg,two
KPyk8vtBQG,four
13pHUdduuT,three
WKMGN39THl,eight
92MWBrTYTg,one
raWNQS1dCA,eight
lJG0QcW1ym,six
1GHYYHJOeg,eight
cwpoARdNh6,zero
Hw5bKcZs7t,three
xZhWRF74j1,six
ecOCRTNokF,four
4EPXt7zDCC,zero
Z2ASFCKGYs,five
gwd923KYCa,eight
swBb1CikPE,eight
u0IY7EYKLb,three
Qpb37pqfZt,zero
mAcTQsIViJ,seven
neEbucUoHa,one
NZtJiqGASy,five
7awf0exeFk,three
NGDoTqBkLJ,zero
kJ0dcRamcZ,two
G9BT4j2aBY,five
BRAOlL7GwM,three
X1LiRpImiI,zero
yxFha6G6Kh,three
zhklWI4cfp,four
05x2dPzNtL,nine
CFo9zcPEp6,one
T4sWzlb148,one
vtUxiGPEAe,zero
zrwBl5NySW,nine
EL8CYfS8Gt,zero
nkRXCA61NR,five
N7oQeQPYbQ,three
miU2vMIU9f,two
8fHcMCHfql,four
NVYzbTifXq,one
As9iHzL7uX,three
EZNHKnMfbB,seven
kaTsDi4Wx8,three
GISLXF4Cfo,six
uxiu4JgrSR,nine
bnnzNXERlk,eight
0bJhQHKr4s,one
26Efzjwm5g,zero
H5cWjLBoil,three
Smqc6PCJxo,six
mkbaXJkmXu,nine
cuLSomeBkp,six
TFYCHSymtM,five
bRHXMBkyFL,four
lIXTr5qgEX,six
AOmgGbkOVT,one
dMEuP4p4pq,four
CcsaD2USPs,eight
K0lLu5sySo,seven
UW2EOnH1Sx,seven
FEWCUsgvKB,nine
Z652h9EvT6,five
ggSYLA2Art,two
PV9Rewhm08,four
ITSbGqnPHB,five
Ru3dwrPoro,seven
NnHrIWHg9F,zero
K2CnWw3xHD,five
58bqLD4rFp,nine
NqhtFyvWgR,seven
DOueYw5PV3,eight
iHbprKHycz,zero
IU5iB2TAB1,five
ajN8taL1ev,four
8scFMMY4xV,two
hmFxYuUEsc,seven
vTXSfux15s,three
jjm6D2h2hL,zero
CLApGBwOuN,five
6SscTJp6gy,four
LG4cBLJ063,eight
ET5qJdm9m3,two
uGrpekgcYR,five
kwAW8UDDY4,seven
LTAF8V0PdE,three
J2X5ibhSRg,four
SUEKLppB8h,zero
X32qkmkPDt,one
asW3DLLiku,eight
mDrUY2uiTC,zero
6Az6t1f7bx,seven
tkcpQrY3O5,four
R0Q0Sh6fKY,one
bPqlPEJAQw,six
nE92nF02Nw,three
ZOwjk5ae7w,one
oD6I8UgXJZ,one
VZqu6Of3iN,seven
AupqawmAjc,four
NKa8jkkMqJ,eight
PXNopvLytl,two
iJs1UHO1xk,eight
TpF1HLGy1r,eight
WM1IWDVMhe,one
BSNVJnDrqb,six
RdhNWeCYYo,three
tRz3W3Z0Fb,two
U0xOVU4mNF,nine
r0NSFMxs2A,four
A9dlw6l3mT,six
qHcEQslJ39,one
H07LyAOzRl,eight
pmGMmczlNM,seven
V3lChKPeAg,seven
j6WjA6Lj3l,six
pu6A8a3lZm,nine
6b4f44Cs5F,one
7YGtTSPcyA,five
I896QYTvME,one
9p0ExXoaan,eight
K2AN8FeVth,one
ExAPckndvQ,eight
gD5WKcCgSp,seven
TPal6JiJ6i,four
4nkeBoa4gR,two
5ccAn9sg4x,five
rqiI4KD77s,one
ov9UnVMr3p,six
DuDT5v0zle,seven
KTtYMr3g7D,four
awPB0Q2QR5,seven
AKI1DCeoKx,one
5qI3UjJ6H8,seven
y5ApO2gL1J,three
Q2YlbTV3IQ,four
u497aQhoJY,two
DNgWgQdsal,three
wfPexfPdp7,five
JSOa85hBhg,seven
CAaSyyV4Az,three
IAwQNpNABM,zero
xxwt0fUrUU,zero
wC3stMPp9e,two
VX9maRE4Yy,seven
QlUhmmP7RU,nine
nTsDmMTReR,nine
Y1U5vLu185,six
VfLplGRWOF,zero
UlXFY53Apm,seven
dj18pGpxgx,eight
Tgw6xaGNrr,five
LllDtletDL,one
0yaoCHyQCE,eight
HLMAg6DEFE,seven
db6vtghDXg,four
ENVKqctB0I,seven
2VuAYj56FB,five
3agbgRA8pV,zero
XDxAVTHayB,four
bPBrl0wSx5,one
k9VyraT2LZ,nine
HYQ9BDdAw6,one
7mTIPpjSPd,four
GzpDrVQxvh,one
8KPIt7crn2,two
7r5YWh1vrU,one
G7khBmqcMd,seven
Los9qq2DgX,five
q2pdYSmMxs,three
kljvglFGrm,four
OW5g1ogOzV,two
9vcUEl5OLA,one
VeI56VClK9,six
jpzmgVZGSs,five
RL4ppberMD,eight
3pBmylM35C,zero
DFlPOr5yl4,four
dVNqZ9olZq,eight
KE8NuXSSVs,two
eiYOaUFVcu,seven
qWqefe8jA9,zero
Wjol2eWJ8l,two
sqrvIBpMXP,five
t4UOmkCenJ,five
jsvvk7hjRK,three
h7rqyHD4Vc,two
LxVgragJ04,four
2gvL81wSzF,three
o35yxnTCkR,three
RPz50HCMHh,eight
04OUOc33zl,seven
uyW0LeLDl5,two
cZ3gZJIRq0,one
dc9lHx1eui,one
bqOJlaWYQ6,four
JwgZNPtAaH,seven
2XcHmqBRzv,five
FMmUGqKwXb,four
SYzopkZgpd,zero
nwheFx8K1h,one
XHse6kOlj3,one
NIUwmncj6Y,one
r5zaWk8Aa9,eight
9bif0zgsBI,zero
HSEnYevWrT,three
hKrgsQ1yDE,two
AHutYxWwaE,five
t2DcUo0M2v,six
WQWm641rza,eight
CD716feb4R,zero
DVGK2PHsQW,eight
2dyC4OdK4m,seven
7WpSrWddKl,nine
Ox9gnGnf26,two
zDTyagAb3P,nine
vsK0Ir80qH,four
K5UfQnzZly,six
NMPE0OjYnq,seven
aR1G8g4TPo,one
Y9lThJs1kF,one
uu4sp9uyiY,eight
18qR1K7PT1,seven
OSIIajYJwl,three
iegTvAihDU,eight
fdVPHnKWXa,six
VoUkvLlHnF,three
KUDZmHKVhG,one
zQV1bpR1Gp,zero
q70oJz95Ys,three
TNTJDiHKi3,three
JtjkJCbXcU,nine
N9CEsvGlsy,three
nMAQ9DuzZC,seven
6Tv38u9bk5,seven
Op7mlf4UNN,five
Dp2elkdgTe,eight
0dXPYhxOFl,one
nuXNYjhG9Z,six
j8dr23ninA,five
Hj3IJ3eD0T,two
rCGFnVqKOP,seven
AlgvZVmPJc,four
kBB6Kr1YTI,one
Uhy1NDtp8q,one
UMQpp0XFe1,one
hlspznoUyM,six
Uncd6FPX0g,three
4RGITTcSka,four
Yb8vKGA0Fq,eight
RWM54uepC9,six
2h3MclB6Zv,nine
boxBSdlv1R,eight
h5aO6K2BBX,nine
d3FdHONDLF,nine
0lSXrHFHYD,zero
E5vXnfXSgi,five
A04WluRMgp,two
LvEFYdEgcP,three
IJFfXuhQHM,seven
0Wo62ezwTL,three
BTRqNIe9Q1,four
OzqSPDZHml,nine
0lPDcVV6qA,three
QijgpLyXdI,six
uAd8ebm69k,one
1eD788jtvI,five
P1ixx19USt,seven
61WkUtDc0F,seven
L7HyHdQR8D,eight
EBWn3o8M2X,eight
OeHjHdtaTy,three
QQyO4RkjOB,seven
shjAx0p1oP,nine
rwsonLwEZh,three
94qWiVSamX,six
BJE0zi9aQc,zero
zBCqHjYde4,seven
o5b4YsGMsx,nine
V7mhSgJ3uo,nine
XsuqY4Goai,one
4Z6wFSaS0L,five
RNiXxK0jmw,seven
LNqZjU8iRi,eight
IPR14TZuNt,nine
4RDo98WMg8,eight
Hymjc9AVre,four
GPKyFjWV09,zero
SWnRa2Um2a,two
hxTHDjrDMI,zero
COOXkaja5H,nine
bpCBWxqdWd,nine
NQkOClGjiz,nine
wuCEHjlptE,zero
14uHYxjIpI,four
eax0pWbVwU,eight
8Uhx8QSTgt,three
ZSrXv1gppY,seven
4ek64EWswK,three
3iJzQHnLPo,eight
qFVwnvKgfU,two
LL9RmXwjx3,two
iBXCr6NtTx,three
AylyOrsLAE,nine
WYRtyYakSs,zero
haFYHNqqv5,five
EDJvvlKLRc,one
XTTv9hk43t,six
empXI7YyGN,three
dliKSD1ZAM,nine
hMeSUhCxYp,nine
CEF2a5jTvH,seven
QrsbzmxdjI,seven
OYmotlRgnG,nine
bfocH8leVR,two
3ebjUNajao,zero
MYfr4fPHBQ,two
ehTN6AAdhF,zero
2lZqQhHLgX,one
Gg7j6eRZPh,two
3FWhMdorAu,three
kcaA6JFplT,one
zJ3etLsJUE,six
1cpPqXr5e0,four
OPJtjJRwOG,seven
CtXmvgjVbG,five
0KOt5pxgvs,zero
SUHkzMdHSD,five
UeBRKqEiE7,four
fCqF6QmB22,two
l3Gsz0rjCg,four
WRFtvbxbsA,nine
lGJlj0DU43,one
TdW465oDOL,seven
ZghhcvoSxD,seven
dTwiwcNmbF,seven
xHdTeaZqUJ,four
j0MDh4TMbZ,nine
uiB5xm9JQH,one
b82o0tWWGD,seven
K4QVBCQUhw,five
yYIB6TosgY,one
s2kjVJO4J3,five
N54ox7tUjy,zero
gdACRIwCNx,nine
gFm4d9dfcE,five
dAAllJTO27,one
V8zThTfNSN,nine
0bGI2QVlk6,two
YUyiNC6JTQ,five
aqFVHOaj0J,one
JAb7rK4fr9,eight
HFe6UiZddt,seven
iAjCKBOgrk,one
ppDVUoRsh5,three
NzLBFhJ2wY,six
T2ck7ozyJT,three
wwTgagXSOT,one
2ZrJv0TJao,nine
07O9FMagN0,eight
yQiOlVUsAo,seven
Jn9EqBipkz,three
j9gLNO6nVC,one
QMFKHM3Kg1,five
gm4KSsKdwa,nine
5YZbQgk4vT,nine
vXW764ELk6,four
jwr9Y3RY8H,seven
Xil1NtGD4i,seven
UezhW3lGUM,zero
wT4ElvIY1t,zero
bNkkS3Vpdk,zero
TkOROdhVz0,two
yowmZvGPah,three
8dUAjF6M5A,three
geDW6ugHQA,six
9O5143ggQ5,seven
Ju1r8JHHAN,nine
M2azeGVSSi,seven
kBEqudh4Xe,six
YShalFuKzB,three
xqEGi6v88F,seven
gtWxz68vip,three
qB3Yxqsbck,eight
XQBDgqN6px,five
ejapzxbc6U,seven
q9h0bwL4Md,nine
dpdo247aRe,one
qjqVmBLPSH,five
DbHtU2Avca,three
tr4d45mlAk,seven
apXOMbEy6Q,seven
MXzUtZ83ri,one
1xy3OCJxEg,four
xnmOpfZauJ,five
stGxmbc9yI,one
DwU12sBy9t,nine
h47ulZi03U,four
fvxSocYjMN,seven
EEMPg70QUe,nine
i8yDobBD1d,nine
73jfsrVBJs,four
glvKO8EZ6P,zero
EG1QpGMdv7,zero
RDcCH2P8xo,eight
w7oWLNlddx,four
KRcQjusOMo,three
suk44GGl1p,zero
oMJDjZgIPZ,nine
eR53JtLRnm,eight
rFBjxmwV5h,seven
MB2d8Ik1kJ,four
d1o5eRbEqq,two
uv1SBiFs4C,three
yqjtWsiNZ2,nine
Rb7glYVjOQ,five
ZiVOTun4uk,three
ZtjLcF9Had,two
ix2uhFdiC5,six
FK5idt83Cq,eight
1cQvGcH0at,eight
q08BvVLNcd,one
JlSwYEHW0k,one
3R0VJyqdtN,eight
tTQbp0AsZq,nine
XLpnDx6sNQ,one
deqXauCHPx,eight
sAyl4PArjX,six
JyxBJM52us,eight
XaUd2uI7oI,three
vLwAtv31pR,zero
L6z20JlEbV,nine
bx1JoXy7Lu,three
tuoFLOIpsB,nine
yG6yWya6WR,one
8utNfJzxRa,one
LKZQLHPbnw,five
DMdC25YR6P,seven
3zooydcQEG,six
fr2IhF4uR9,two
1UgMJ8eJpT,zero
kZJj2j9G7X,eight
5rqbiWfQBx,three
xMRENI5l5B,nine
nu07dA0hd2,seven
qwuYb8lLJ9,eight
2bU6nkfy8F,one
iFUhvN5Aok,zero
wmH1fUdvEm,zero
dyjJoMiPHm,zero
1uYyn1Vm0A,seven
oYjggkiuci,eight
baj0tqyVuS,eight
5apsUcQNfi,six
nrJLjJujz6,one
JJk2Bm3wx9,one
n7MoN4w5Wp,three
cJHPLR6XV8,eight
ooN7FNU8hE,nine
lCOd84xJNB,nine
F6FurvExWQ,two
tBgstW6Hdm,seven
Xcblurj6dX,four
un95TEMaiS,five
U8pBDytE2q,six
zOGt2Py95w,three
f3kul9ziB2,four
l8sJQ32VJO,two
J0GYQeGT21,eight
7pPQtQp36F,zero
rHSr0j7oTw,five
sJ2s4zO23A,two
SWVSem04sw,nine
ltbiYt3YH7,seven
4fTqPqG44h,zero
rxEvLo2pTH,three
d9RtOGugmm,eight
CCruvZxxUN,four
dRWgz7ZcxZ,two
7zsLEWpOG9,three
6VMEBrgE8Q,five
4XPocVypFw,seven
YhdGZnRj6q,three
wgxlWSkuN1,eight
BKRihY1xAU,nine
TOrKHCMYdT,eight
KcM2xwYh6N,zero
63Esi68WT5,one
Xg6t9TULup,one
odxRc6z4dM,six
hG2CNoqTmc,three
DnL6SnBhzZ,seven
StiZOXv1jD,two
gYi1SCEjlI,one
zQXBvgG7qL,four
5kyn5OQyPi,one
3aiL4ITeDh,four
srpVUeAGKX,two
GyGw2OkgBR,eight
wVlMOsPrPe,one
qh9NTEDmys,six
fEGhzNXAmh,nine
FK9TqCFBz9,five
zM2tklAW9P,five
Za30GmYMe5,one
gkNCpv8fIp,zero
EorT2InWpm,four
kj2nNo4H77,six
LcdIjKec3L,six
lvsqrqFr1m,eight
xP8wbA8NK1,two
ngVjX9wQwp,eight
pvPHxNz6TM,nine
AcNntb8dZ5,nine
c20qxW1YUi,seven
VHNrWt1GtG,one
Aj0nwYLQpX,two
Y3HdYI6utQ,five
1wfaPXwPPP,eight
E3IlUimqs3,five
es7dlZFciu,nine
4yKLIqMObC,five
py3JFnlYtF,seven
GDUNysemUp,four
JKnnm7NB5F,three
4WbSvqzdIi,one
HIyyBwki5L,five
R2D8leHIyd,eight
96H4LStDaI,five
HUVvrbCVfE,nine
65S0XFrPuY,three
KVHZr1QDHw,seven
1W3Uc5lbJ8,one
ACQeVYQAvM,five
vxsheA26Ie,two
aXdWf8fxq5,eight
ZMfHS8zMjL,two
GsxQJNsfKw,nine
vz6Npzxibr,six
9tVMHouPrP,two
yS5VNSvVo9,five
qyJwPI7Dj2,four
8Wy9BNtSAI,nine
FzOQRTaA5J,nine
I1hi8Pvd1T,six
B20lYjIqq1,six
AIrTaFDpWM,two
yjrGejTvJh,eight
wiMTAs7QnU,nine
MEXRiaUGCb,one
mtk58kjDxu,four
UVZOzBXpO1,eight
x5r7aG0Cbm,one
RBV0e5eGc9,seven
jyIhr0tXss,one
2pVzTt0ofg,six
PLXCj9x0nB,one
EPaMziMuBB,three
eUb5a4z112,four
WXO9OdqJkV,six
fMz4gVQS82,six
POEZfpMinl,zero
ekfqDRhUwf,eight
ptyz4QXDy1,two
yWr0EWg0rJ,two
jTUQzquuqL,eight
WOFeD7qYeV,two
wkqpMXC3Q7,two
N7lw045SDN,one
agtGMsqtmd,one
oKsvQ2Ffue,three
WnjZcGwUpN,zero
69O8B71uLq,two
60nQQ9xt5Q,zero
YqHOv74VQx,four
EG3WJ3Bjft,four
drrWbETxs7,zero
0eGXnU34zL,nine
Ze09JzMpJo,six
RqlQhKcUPQ,three
ahww0dayqg,six
S64hor0l2w,four
olxZcQNGXp,three
CgTjafdZOe,four
9YhgZUZDu8,nine
mpprYTJsM2,five
4ZyvBx4azp,seven
41PD4YF9Ta,eight
kynyBRfCiP,seven
QKo8fPsMWg,six
ofkZ83a3yx,four
a0aBilyEVo,four
oC2H4AbfiE,seven
QUxxpUr22g,one
rPeeHrvGFh,one
hejJgl2mGX,nine
mCtuipjoDY,eight
SYDZCswPmV,nine
S4NFVuomIL,six
53csmqeakq,eight
xP5cWioIGu,seven
sCPsxgcpEc,four
tEv072T4OJ,two
eK2a0tzgV2,one
kg5egbfADP,one
bnPtt6PL7s,three
kFA49ERfeH,three
Y76l89GFKi,four
JCsfUHFdMo,nine
0YFevaavdw,four
HBDb6vDT5E,three
9z93HyoVJm,six
zdoHLMYxYX,five
uKm3pgmnfj,four
0DLzRpla3E,three
YzQJFc4Gqx,three
GFyjKWdyn6,two
lKKvUw1ftc,one
3Th3cv1ci2,eight
crM9xN7SCL,zero
vm2KByrmOZ,six
Tm5ZgaoooK,nine
6iX3Mc1LlU,six
qGEDM8f1Dk,two
nweUrfSFte,one
wOtZ6kr94t,five
X9c6Docmui,three
n5vMk7U7Ca,eight
ezt02EyuxJ,six
xFZRAAdxkQ,three
WIwyk6xqnA,seven
KGpoXUtkgH,nine
ggU4zrRGFP,five
O1bQH3clMY,five
RRd5Ic6YEY,seven
IhATCWnvse,two
BlWiDM8Yzz,one
TLbCfFb0oE,two
yIW0DNvaO9,four
1NUZ2ulr98,eight
jlDI6tT1B0,one
Bq1XSXVN0z,zero
ckz8t0vfGT,one
Gec4jvPu2Y,two
knX1YPESoA,three
oBjAGXFYUe,seven
XePRGWiiFa,two
Yj38c6coYI,seven
V6ihkWEl42,two
1Pb6vrWTYT,nine
HW318GB7Il,zero
LWnN5SCixT,four
AKLlSoYuO4,five
rzrDelDodW,four
79tVLsN9BN,seven
38AEFBnuJo,four
7BGNjvcGh2,zero
8n70xAbf6V,five
CQbBrMN7VN,zero
ihHzzMAo7d,four
zrtL6j4tPp,eight
Nsy58v6pB6,eight
MTEgP3yoaQ,five
qYdmIbJipo,seven
NO6MtfUXHF,five
3YSIrGivJ2,two
xsVOL37BtU,five
IbqdjUvY6T,seven
PS98mW9Dit,three
UGGd6Z47nF,four
ts73iR6qDm,zero
OIzN0IYYWl,four
yzWS73hy4w,five
LEN48P81MP,seven
QSPq0NWi8Q,one
65VzL2KVek,three
9dzRt0SVVX,one
45bbU3XIrL,two
PqWKPTL56e,four
RTuda9IXYd,five
f7L9omRp5P,nine
yXaB2zMKP9,two
tcM84tuw8u,four
H7tyLIcRCA,one
72B84kpRQ2,four
qQlz03l0D9,four
yITGSvL5K6,eight
90vO8uiZ41,seven
99EJj5MgEv,one
elXx2YNEq9,six
jipGXT6E16,four
Q0HJeWkATB,three
X4GWvRi1za,zero
ZJi2kWh8PY,six
UbkKhu3jjT,nine
XNGv6YHr8B,three
pqbWYItGIU,four
TRoTLO55Hc,nine
47Yjn0yaL0,one
qO4rx6J1PU,two
ncoA2fjpnp,zero
MRnEm6qpQB,three
PTSgLzFncT,three
CHFh19qDdl,eight
DD4HRuu61P,six
9mIMDCRcvX,four
WKKAtGkNXt,three
4wX9LtalQR,six
XVaD6IVxRI,five
1Bkl4FjFMP,two
pOpETfXmZx,zero
usNkscS5tJ,seven
xzNBsbvTe9,one
jO3cFo5RYk,two
ORZBMGsY8V,eight
433Fc4Yvu3,three
WZ5Lh91I8a,four
g6IPEA8j1i,eight
rnsgQ1i3fa,six
MViMxywA73,nine
bzfw68qu2d,eight
kimQd8n3XA,eight
egHGIX4sog,zero
V1d5zLRvDy,eight
oFnPBRSp3e,eight
0XCUgpqqat,seven
7Miw4H2yod,eight
wEk4WJrout,nine
7v270uj9Vd,six
SceXHsSSUl,seven
RKli04IGoJ,nine
BjFaaPxvfk,six
iDeKUxoVIM,nine
4jpAqW4pZV,three
UIVLe5RuXz,nine
hsOdhvNcNx,zero
X7XyYiU0UV,seven
8m3ZtK5xFA,seven
tJHgeUAITX,seven
M6GJQdjdNq,three
GpgIhQQgph,six
O6hwWeZEdY,zero
aoojeRyQbu,zero
e9YaEasPsn,one
zpc9Dmsu0E,seven
LTCfWMPVXw,eight
ifqr6QZVNs,three
4g7exByrlZ,four
2fMEJo07Fg,two
ASD8zwnMAP,zero
Q31FVEFEMT,seven
MvOW85UV2c,one
slkKF3jQiX,eight
HQYmnYOihl,five
cf4tSt7ULe,seven
bhbNa4WdgC,nine
D7qbavZT47,five
NwQmS2HxIF,three
vvbFLDr7UZ,seven
GAXEvfWfW6,eight
2jIink6iWI,two
PbrtHC9EYt,one
8CoUH8Iras,zero
uIzVWjLoVy,three
7bK3epp7W2,eight
rAT3UYOitA,zero
83hF8A6vwA,zero
lcPngBr4cf,eight
DKWvz8moM4,zero
ioTz6zdx25,four
XI8faAvZZB,seven
BIBGO1T4M9,seven
M0w3xcqGWB,one
adfEDSEAMk,one
JMCUvH6YFz,zero
TbFsD8NEtw,two
rNX7fvUdkw,eight
70k0BnNo1N,three
mbLmchmmhU,four
BBeT7T1M1U,five
VJ4yoqD9NV,five
7e1p7hVAAY,seven
PZ4wSrn1hA,nine
